Campus Name,CCSF Entity,Lower Grade,Upper Grade,Grade Range,Category,Map Label,Lower Age,Upper Age,General Type,CDS Code,Campus Address,Supervisor District,County FIPS,County Name,Location 1
Alamo Elementary School,SFUSD,0,5,K-5,USD Grades K-5,PS001,5,10,PS,38684786040695,"250 23RD AVE, San Francisco, CA 94121",1,06075,SAN FRANCISCO,"CA
(37.7830048, -122.4822998)"
Alvarado Elementary School,SFUSD,0,5,K-5,USD Grades K-5,PS002,5,10,PS,38684786040703,"625 DOUGLASS ST, San Francisco, CA 94114",8,06075,SAN FRANCISCO,"CA
(37.7536812, -122.4381943)"
Argonne Early Education School,SFUSD,-2,0,PK-TK,USD PreK/TK,PS004,3,5,PS,384000981,"750 16TH AVE, San Francisco, CA 94118",1,06075,SAN FRANCISCO,"CA
(37.7739677, -122.4740601)"
Argonne Elementary School,SFUSD,0,5,K-5,USD Grades K-5,PS005,5,10,PS,38684786040737,"680 18TH AVE, San Francisco, CA 94121",1,06075,SAN FRANCISCO,"CA
(37.7753067, -122.4763107)"
Bryant Early Education / Bryant Elementary,SFUSD,-2,5,PK-5,"USD PreK-5, Grades K-5",PS009,3,10,PS,38684786040778,"2641 25TH ST, San Francisco, CA 94110",10,06075,SAN FRANCISCO,"CA
(37.7514534, -122.4046936)"
Buena Vista / Horace Mann,SFUSD,0,8,K-8,USD Grades K-8,PS010,5,13,PS,38684786062046,"3351 23RD ST, San Francisco, CA 94110",9,06075,SAN FRANCISCO,"CA
(37.7530327, -122.4201813)"
"Carmichael, Bessie Carmichael (6-8 Campus)",SFUSD,6,8,6-8,USD Grades 6-8,PS012,11,13,PS,38684786040752,"824 HARRISON ST, San Francisco, CA 94107",6,06075,SAN FRANCISCO,"CA
(37.7805595, -122.4004898)"
"Carmichael, Bessie Carmichael K-5 Campus / Early Education",SFUSD,0,8,K-8,USD Grades K-8,PS013,5,13,PS,384001456,"375 07TH ST, San Francisco, CA 94103",6,06075,SAN FRANCISCO,"CA
(37.7763824, -122.4064560)"
"Chavez, Cesar Chavez Elementary School / Preschool",SFUSD,-2,5,PK-5,USD PreK-5,PS015,3,10,PS,38684786041149,"825 SHOTWELL ST, San Francisco, CA 94110",9,06075,SAN FRANCISCO,"CA
(37.7549210, -122.4148788)"
Chinese Immersion School At Deavila,SFUSD,0,4,K-4,USD Grades K-4,PS018,5,9,PS,38684780120386,"1250 WALLER ST, San Francisco, CA 94117",5,06075,SAN FRANCISCO,"CA
(37.7698288, -122.4442749)"
Clarendon Elementary School,SFUSD,0,5,K-5,USD Grades K-5,PS020,5,10,PS,38684786040828,"500 CLARENDON AVE, San Francisco, CA 94131",7,06075,SAN FRANCISCO,"CA
(37.7537537, -122.4562683)"
Creative Arts Charter School,SFUSD,0,8,K-8,USD Charter School,PS023,5,13,PS,38684786112601,"1601 TURK ST, San Francisco, CA 94115",5,06075,SAN FRANCISCO,"CA
(37.7798042, -122.4360733)"
Downtown High School,SFUSD,9,12,9-12,USD Grades 9-12,PS025,14,17,PS,38684783830064,"693 VERMONT ST, San Francisco, CA 94107",10,06075,SAN FRANCISCO,"CA
(37.7613983, -122.4037018)"
Edison Charter K-8,SFUSD,0,8,K-8,USD Charter School,PS027,5,13,PS,38684786040935,"3531 22ND ST, San Francisco, CA 94114",8,06075,SAN FRANCISCO,"CA
(37.7544670, -122.4260406)"
Everett Middle School,SFUSD,6,8,6-8,USD Grades 6-8,PS029,11,13,PS,38684786062038,"450 CHURCH ST, San Francisco, CA 94114",8,06075,SAN FRANCISCO,"CA
(37.7635765, -122.4293671)"
Five Keys Charter,SFUSD,8,12,8-12,USD Charter School,PS032,13,17,PS,38684780101774,"70 OAK GROVE ST, San Francisco, CA 94107",6,06075,SAN FRANCISCO,"CA
(37.7771072, -122.4022293)"
Gateway High School / Kipp Sf Bay Academy,SFUSD,9,12,9-12,USD Charter School,PS037,14,17,PS,38684783830437,"1430 SCOTT ST, San Francisco, CA 94115",5,06075,SAN FRANCISCO,"CA
(37.7832642, -122.4366913)"
Gateway Middle School,SFUSD,-2,5,PK-5,USD Charter School; PreK-5,PS038,3,10,PS,38684780123265,"1512 GOLDEN GATE AVE, SAN FRANCISCO CA 94115",5,06075,SAN FRANCISCO,"CA
(37.7794189, -122.4359207)"
"Giannini, A.P. Giannini Middle School",SFUSD,6,8,6-8,USD Grades 6-8,PS039,11,13,PS,38684786059828,"3151 ORTEGA ST, San Francisco, CA 94116",4,06075,SAN FRANCISCO,"CA
(37.7503014, -122.4966660)"
Grattan Elementary / Early Education,SFUSD,-2,5,PK-5,"USD PreK-4, Grades K-5",PS041,3,10,PS,38684786041115,"165 GRATTAN ST, San Francisco, CA 94117",5,06075,SAN FRANCISCO,"CA
(37.7634926, -122.4504242)"
Hilltop High Special Services Center,SFUSD,8,12,8-12,USD County School,PS047,13,17,PS,38684783830080,"1325 FLORIDA ST, SAN FRANCISCO CA 94110",9,06075,SAN FRANCISCO,"CA
(37.7504539, -122.4096298)"
Independence High School,SFUSD,9,12,9-12,USD Grades 9-12,PS049,14,17,PS,38684783830197,"1350 07TH AVE, San Francisco, CA 94122",5,06075,SAN FRANCISCO,"CA
(37.7632256, -122.4635849)"
International Studies Academy,SFUSD,6,12,6-12,USD Grades 6-12,PS050,11,17,PS,38684783830353,"655 DE HARO ST, SAN FRANCISCO CA 94107",10,06075,SAN FRANCISCO,"CA
(37.7617035, -122.4006882)"
Jefferson Elementary School,SFUSD,0,5,K-5,USD Grades K-5,PS051,5,10,PS,38684786041230,"1725 IRVING ST, San Francisco, CA 94122",4,06075,SAN FRANCISCO,"CA
(37.7630653, -122.4767303)"
Jefferson Out Of School (OST) Program,SFUSD,0,5,K-5,USD Grades K-5,PS052,5,10,PS,38684786041230,"1325 18TH AVE, SAN FRANCISCO CA 94122",4,06075,SAN FRANCISCO,"CA
(37.7630615, -122.4763184)"
"Key, Francis Scott Key Elementary/Early Education",SFUSD,0,5,K-5,USD Grades K-5,PS054,5,10,PS,38684786041008,"1530 43RD AVE, San Francisco, CA 94122",4,06075,SAN FRANCISCO,"CA
(37.7580986, -122.5019989)"
"King, Thomas Starr King Elementary / Preschool",SFUSD,-2,5,PK-5,"USD PreK, Grades K-5",PS056,3,10,PS,38684786041602,"1215 CAROLINA ST, SAN FRANCISCO, CA 94107",10,06075,SAN FRANCISCO,"CA
(37.7532883, -122.3991928)"
Lafayette Elementary School,SFUSD,-2,5,PK-5,USD PreK-5                                   ,PS058,3,10,PS,38684786041305,"4545 ANZA ST, San Francisco, CA 94121",1,06075,SAN FRANCISCO,"CA
(37.7770691, -122.4968872)"
Larkin Street Youth Services Academy,SFUSD,7,12,7-12,USD County School,PS060,12,17,PS,SFUSD unknown,"134 GOLDEN GATE AVE, SAN FRANCISCO CA 94102",6,06075,SAN FRANCISCO,"CA
(37.7822647, -122.4129868)"
Lawton Alternative School,SFUSD,0,8,K-8,USD Grades K-8,PS062,5,13,PS,38684786041339,"1570 31ST AVE, San Francisco, CA 94122",4,06075,SAN FRANCISCO,"CA
(37.7580490, -122.4890976)"
Marshall Elementary School,SFUSD,0,5,K-5,USD Grades K-5,PS072,5,10,PS,38684786041412,"1575 15TH ST, San Francisco, CA 94103",9,06075,SAN FRANCISCO,"CA
(37.7662888, -122.4190216)"
"Mccoppin, Frank Mccoppin Elementary / Early Education",SFUSD,0,5,K-5,USD Grades K-5,PS074,5,10,PS,38684786041016,"651 06TH AVE, San Francisco, CA 94118",1,06075,SAN FRANCISCO,"CA
(37.7763100, -122.4644775)"
Mckinley Elementary School,SFUSD,0,5,K-5,USD Grades K-5,PS075,5,10,PS,38684786041420,"1025 14TH ST, San Francisco, CA 94114",8,06075,SAN FRANCISCO,"CA
(37.7668839, -122.4362793)"
"Milk, Harvey Milk Elementary School",SFUSD,0,5,K-5,USD Grades K-5,PS077,5,10,PS,38684786040919,"4235 19TH ST, San Francisco, CA 94114",8,06075,SAN FRANCISCO,"CA
(37.7589264, -122.4364471)"
Mission High School,SFUSD,9,12,9-12,USD Grades 9-12,PS080,14,17,PS,38684783834082,"3750 18TH ST, San Francisco, CA 94114",8,06075,SAN FRANCISCO,"CA
(37.7620201, -122.4273071)"
"Moscone, George Moscone Elementary / Las Americas Early Education",SFUSD,-2,5,PK-5,USD PreK-5,PS082,3,10,PS,38684786099154,"2576 HARRISON ST, San Francisco, CA 94110",9,06075,SAN FRANCISCO,"CA
(37.7567406, -122.4126205)"
"Muir, John Muir Elementary / Early Education",SFUSD,-2,5,PK-5,"USD PreK, Grades K-5",PS083,3,10,PS,38684786041255,"380 WEBSTER ST, San Francisco, CA 94102",5,06075,SAN FRANCISCO,"CA
(37.7737579, -122.4286804)"
New Traditions Elementary School,SFUSD,0,5,K-5,USD Grades K-5,PS084,5,10,PS,38684786097919,"2049 GROVE ST, San Francisco, CA 94117",5,06075,SAN FRANCISCO,"CA
(37.7738838, -122.4502640)"
Noriega Early Education School,SFUSD,-2,5,PK-5,USD PreK/TK-5,PS085,3,10,PS,38684780117473,"1775 44TH AVE, San Francisco, CA 94122",4,06075,SAN FRANCISCO,"CA
(37.7538338, -122.5036545)"
"O'Connell, John O'Connell High School",SFUSD,9,12,9-12,USD Grades 9-12,PS086,14,17,PS,38684783834769,"2355 FOLSOM ST, San Francisco, CA 94110",9,06075,SAN FRANCISCO,"CA
(37.7595139, -122.4135590)"
"Parks, Rosa Parks Japanese Bilingual Bicultural Program / Weill, Raphael Weill  Early Education",SFUSD,0,5,K-5,"USD Grades K-5, PreK-5",PS089,5,10,PS,38684786041503,"1501 OFARRELL ST, San Francisco, CA 94115",5,06075,SAN FRANCISCO,"CA
(37.7830086, -122.4295044)"
"Peabody, George Peabody Elementary School",SFUSD,0,5,K-5,USD Grades K-5,PS090,5,10,PS,38684786041065,"251 06TH AVE, San Francisco, CA 94118",1,06075,SAN FRANCISCO,"CA
(37.7838554, -122.4650269)"
Presidio Middle School,SFUSD,6,8,6-8,USD Grades 6-8,PS092,11,13,PS,38684786062079,"450 30TH AVE, San Francisco, CA 94121",1,06075,SAN FRANCISCO,"CA
(37.7808647, -122.4896240)"
Rooftop (5-8 Mayeda Campus),SFUSD,-2,8,PK-8,USD Grades PK-8,PS096,3,13,PS,38684786089775,"500 CORBETT AVE, San Francisco, CA 94114",8,06075,SAN FRANCISCO,"CA
(37.7573967, -122.4444962)"
Rooftop (K-4 Burnett Campus),SFUSD,-2,8,PK-8,USD Grades PK-8,PS097,3,13,PS,38684786089775,"443 BURNETT AVE, San Francisco, CA 94131",8,06075,SAN FRANCISCO,"CA
(37.7548103, -122.4432220)"
"Roosevelt, Theodore Roosevelt Middle School",SFUSD,6,8,6-8,USD Grades 6-8,PS098,11,13,PS,38684786059901,"460 ARGUELLO BLVD, San Francisco, CA 94118",2,06075,SAN FRANCISCO,"CA
(37.7822800, -122.4583511)"
San Francisco County Civic Center Secondary School,SFUSD,7,12,7-12,USD County School,PS100,12,17,PS,38103893830445,"727 GOLDEN GATE AVE, San Francisco, CA 94102",5,06075,SAN FRANCISCO,"CA
(37.7802963, -122.4229431)"
San Francisco International High School,SFUSD,9,12,9-12,USD Grades 9-12,PS101,14,17,PS,38684786149876,"1050 YORK ST, SAN FRANCISCO, CA 94110",9,06075,SAN FRANCISCO,"CA
(37.7552299, -122.4088593)"
Sanchez Elementary School  / Preschool,SFUSD,-2,5,PK-5,USD PreK-5,PS103,3,10,PS,38684786041545,"325 SANCHEZ ST, San Francisco, CA 94114",8,06075,SAN FRANCISCO,"CA
(37.7634544, -122.4303589)"
Sunset Elementary School,SFUSD,0,5,K-5,USD Grades K-5,PS112,5,10,PS,38684786113997,"1920 41ST AVE, SAN FRANCISCO, CA 94116",4,06075,SAN FRANCISCO,"CA
(37.7505226, -122.4991531)"
Sutro Elementary / Early Education,SFUSD,0,5,K-5,USD Grades K-5,PS113,5,10,PS,38684786041644,"235 12TH AVE, San Francisco, CA 94118",1,06075,SAN FRANCISCO,"CA
(37.7836037, -122.4714508)"
Tenderloin Elementary / Early Education,SFUSD,-2,5,PK-5,"USD PreK-5, Grades K-5",PS115,3,10,PS,38684786115901,"627 TURK ST, San Francisco, CA 94102",6,06075,SAN FRANCISCO,"CA
(37.7817955, -122.4197769)"
"Wallenberg, Raoul Wallenberg High School",SFUSD,9,12,9-12,USD Grades 9-12,PS120,14,17,PS,38684783830205,"40 VEGA ST, San Francisco, CA 94118",2,06075,SAN FRANCISCO,"CA
(37.7806473, -122.4459534)"
"Washington, George Washington High School",SFUSD,9,12,9-12,USD Grades 9-12,PS121,14,17,PS,38684783839081,"600 32ND AVE, San Francisco, CA 94121",1,06075,SAN FRANCISCO,"CA
(37.7779045, -122.4910126)"
"Webster, Daniel Webster Elementary School",SFUSD,6,12,6-12,USD Grades 6-12,PS122,11,17,PS,38684786040893,"655 DE HARO ST, SAN FRANCISCO CA 94107",10,06075,SAN FRANCISCO,"CA
(37.7620087, -122.4007721)"
"Webster, Daniel Webster Out-Of-School (OST) Program",SFUSD,0,5,K-5,USD Grades K-5,PS123,5,10,PS,38684786040893,"465 MISSOURI ST, San Francisco, CA 94107",10,06075,SAN FRANCISCO,"CA
(37.7605209, -122.3958435)"
"Wells, Ida B. Wells High School",SFUSD,9,12,9-12,USD Grades 9-12,PS124,14,17,PS,38684783830031,"1099 HAYES ST, SAN FRANCISCO, CA 94117",5,06075,SAN FRANCISCO,"CA
(37.7750130, -122.4338989)"
"Yu, Alice Fong Yu Alternative School",SFUSD,0,8,K-8,USD Grades K-8,PS127,5,13,PS,38684786113245,"1541 12TH AVE, San Francisco, CA 94122",7,06075,SAN FRANCISCO,"CA
(37.7589645, -122.4696808)"
Adda Clevenger School,Private,0,8,K-8,Independent / Private,IND200,5,13,IND,38684786930572,"198 FAIR OAKS ST, SAN FRANCISCO, CA 94110",8,06075,SAN FRANCISCO,"CA
(37.7537384, -122.4244614)"
Alt School - Alamo Square,Private,0,5,K-5,Independent / Private,IND201,5,10,IND,38684786148274,"735 FELL ST, SAN FRANCISCO, CA 94117",5,06075,SAN FRANCISCO,"CA
(37.7747879, -122.4302063)"
Alt School - Dogpatch 1,Private,-1,2,TK-2,Independent / Private,IND202,4,7,IND,38684786148290,"2265 03RD ST, SAN FRANCISCO, CA 94107",10,06075,SAN FRANCISCO,"CA
(37.7611771, -122.3881302)"
Alt School - Dogpatch 2,Private,-1,2,TK-2,Independent / Private,IND203,4,7,IND,NOT_FOUND,"610 20TH ST, SAN FRANCISCO, CA 94107",10,06075,SAN FRANCISCO,"CA
(37.7606621, -122.3879623)"
Alt School - Potrero Hill,Private,-1,8,TK-8,Independent / Private,IND206,4,13,IND,NOT_FOUND,"99 MISOURI ST, SAN FRANCISCO, CA 94107",10,06075,SAN FRANCISCO,"CA
(37.7655067, -122.3965836)"
Alt School - Soma,Private,6,8,6-8,Independent / Private,IND207,11,13,IND,38684786148282,"1245 FOLSOM ST, SAN FRANCISCO, CA 94103",6,06075,SAN FRANCISCO,"CA
(37.7741814, -122.4104843)"
Alt School - Yerba Buena,Private,-1,8,TK-8,Independent / Private,IND208,4,13,IND,NOT_FOUND,"300 04TH ST, SAN FRANCISCO, CA 94107",6,06075,SAN FRANCISCO,"CA
(37.7817421, -122.4011993)"
Bais Menachem Yeshiva Day School,Private,0,8,K-8,Independent / Private,IND212,5,13,IND,NOT_FOUND,"834 28TH AVE, SAN FRANCISCO, CA 94121",1,06075,SAN FRANCISCO,"CA
(37.7736130, -122.4871521)"
Balboa Preschool,Private,-2,0,PK-K,Independent / Private,IND213,3,5,IND,380505671,"527 BALBOA ST, SAN FRANCISCO, CA 94118",1,06075,SAN FRANCISCO,"CA
(37.7769318, -122.4644775)"
Bright Horizons - Kansas St,Private,-2,4,PK-4,Independent / Private,IND218,3,9,IND,384002477,"200 KANSAS ST, SAN FRANCISCO, CA 94103",10,06075,SAN FRANCISCO,"CA
(37.7667313, -122.4042130)"
Brightworks,Private,0,8,K-8,Independent / Private,IND222,5,13,IND,38684786142079,"1900 BRYANT ST, SAN FRANCISCO, CA 94110",9,06075,SAN FRANCISCO,"CA
(37.7622375, -122.4103775)"
Buena Vista Child Care,Private,0,5,K-5,Independent / Private,IND223,5,10,IND,384002230,"3351 23RD ST, SAN FRANCISCO, CA 94110",9,06075,SAN FRANCISCO,"CA
(37.7535667, -122.4202805)"
Childrens After School Arts,Private,0,6,K-6,Independent / Private,IND225,5,11,IND,384000345,"584 CASTRO ST STE 264, SAN FRANCISCO, CA 94114",8,06075,SAN FRANCISCO,"CA
(37.7595901, -122.4352417)"
Childrens Day School,Private,-2,8,PK-8,Independent / Private,IND226,3,13,IND,38684787096514,"333 DOLORES ST, SAN FRANCISCO, CA 94110",8,06075,SAN FRANCISCO,"CA
(37.7642555, -122.4252014)"
Chinese American International School,Private,0,8,K-8,Independent / Private,IND227,5,13,IND,38684787021116,"150 OAK ST, SAN FRANCISCO, CA 94102",5,06075,SAN FRANCISCO,"CA
(37.7754288, -122.4224243)"
Cross Cultural Family Center - Turk Street Center,Private,-2,4,PK-4,Independent / Private,IND234,3,9,IND,380506340,"201 TURK ST, SAN FRANCISCO, CA 94102",6,06075,SAN FRANCISCO,"CA
(37.7827988, -122.4128647)"
De Marillac Academy,Private,4,8,4-8,Independent / Private,IND235,9,13,IND,38684787104466,"175 GOLDEN GATE AVE, SAN FRANCISCO, CA 94102",6,06075,SAN FRANCISCO,"CA
(37.7816582, -122.4133453)"
Discovery Center School,Private,0,12,K-12,Independent / Private,IND236,5,17,IND,NOT_FOUND,"1442 FULTON ST, SAN FRANCISCO, CA 94117",5,06075,SAN FRANCISCO,"CA
(37.7768364, -122.4406052)"
Fei Tian Academy Of The Arts California,Private,0,12,K-12,Independent / Private,IND242,5,17,IND,38684786139463,"1950 PAGE ST, SAN FRANCISCO, CA 94117",5,06075,SAN FRANCISCO,"CA
(37.7704773, -122.4530029)"
French American International School,Private,0,12,K-12,Independent / Private,IND243,5,17,IND,38684786981195,"150 OAK ST, SAN FRANCISCO, CA 94102",5,06075,SAN FRANCISCO,"CA
(37.7754555, -122.4215775)"
Golden Bridges School,Private,-2,0,PK-K,Independent / Private,IND246,3,5,IND,38684786145635,"3358 22ND ST, SAN FRANCISCO, CA 94110",8,06075,SAN FRANCISCO,"CA
(37.7554665, -122.4223099)"
Hearing & Speech Center Of Northern California,Private,-2,0,PK-K,Independent / Private,IND248,3,5,IND,38684786980700,"1234 DIVISADERO ST, SAN FRANCISCO, CA 94115",5,06075,SAN FRANCISCO,"CA
(37.7811737, -122.4387283)"
Holy Name Elementary School,Private,0,8,K-8,Independent / Private,IND251,5,13,IND,38684786981278,"1560 40TH AVE, SAN FRANCISCO, CA 94122",4,06075,SAN FRANCISCO,"CA
(37.7576103, -122.4988785)"
Immaculate Conception Academy,Private,9,12,9-12,Independent / Private,IND252,14,17,IND,38684786939615,"3625 24TH ST, SAN FRANCISCO, CA 94110",8,06075,SAN FRANCISCO,"CA
(37.7516670, -122.4234161)"
Jewish Community High School Of The Bay,Private,9,12,9-12,Independent / Private,IND253,14,17,IND,38684786200554,"1835 ELLIS ST, SAN FRANCISCO, CA 94115",5,06075,SAN FRANCISCO,"CA
(37.7816505, -122.4366760)"
Katherine Delmar Burke School,Private,0,8,K-8,Independent / Private,IND255,5,13,IND,38684786981328,"7070 CALIFORNIA ST, SAN FRANCISCO, CA 94121",2,06075,SAN FRANCISCO,"CA
(37.7842827, -122.4933243)"
Kids By The Bay Preschool,Private,-3,0,PK-K,Independent / Private,IND257,2,5,IND,384001720,"90 7TH ST, SAN FRANCISCO, CA 94103",6,06075,SAN FRANCISCO,"CA
(37.7795486, -122.4121017)"
La Scuola International School,Private,0,8,K-8,Independent / Private,IND260,5,13,IND,38684786144257,"735 FELL ST, SAN FRANCISCO, CA 94117",5,06075,SAN FRANCISCO,"CA
(37.7749214, -122.4300461)"
Laurel School,Private,0,8,K-8,Independent / Private,IND262,5,13,IND,NOT_FOUND,"350 09TH AVE, SAN FRANCISCO, CA 94118",1,06075,SAN FRANCISCO,"CA
(37.7819405, -122.4673309)"
Lisa Kampner Hebrew Academy,Private,0,12,K-12,Independent / Private,IND264,5,17,IND,38684786981245,"645 14TH AVE, SAN FRANCISCO, CA 94118",8,06075,SAN FRANCISCO,"CA
(37.7676430, -122.4276199)"
Little Angels Japanese Preschool,Private,-2,0,PK,Independent / Private,IND265,2,5,IND,384000322,"1457 09TH AVE, SAN FRANCISCO, CA 94122",7,06075,SAN FRANCISCO,"CA
(37.7611313, -122.4664307)"
Live Oak School,Private,0,8,K-8,Independent / Private,IND267,5,13,IND,38684786981377,"1555 MARIPOSA ST, SAN FRANCISCO, CA 94107",10,06075,SAN FRANCISCO,"CA
(37.7635574, -122.3994675)"
Lycee Francais De San Francisco,Private,6,12,6-12,Independent / Private,IND269,11,17,IND,38684786939664,"1201 ORTEGA ST, SAN FRANCISCO, CA 94122",4,06075,SAN FRANCISCO,"CA
(37.7519875, -122.4768295)"
Lycee Francais De San Francisco,Private,-2,5,PK-5,Independent / Private,IND270,3,10,IND,38684786146369,"755 ASHBURY ST, SAN FRANCISCO, CA 94117",5,06075,SAN FRANCISCO,"CA
(37.7679710, -122.4469681)"
Marin Preparatory School,Private,0,8,K-8,Independent / Private,IND271,5,13,IND,NOT_FOUND,"117 DIAMOND ST, SAN FRANCISCO, CA 94114",8,06075,SAN FRANCISCO,"CA
(37.7601242, -122.4367981)"
Mission Dolores Academy,Private,0,8,K-8,Independent / Private,IND274,5,13,IND,38684786981716,"3399 16TH ST, SAN FRANCISCO, CA 94114",8,06075,SAN FRANCISCO,"CA
(37.7641220, -122.4282837)"
Mother Goose School,Private,-2,0,PK-K,Independent / Private,IND277,3,5,IND,380504982,"334 28TH AVE, SAN FRANCISCO, CA 94121",1,06075,SAN FRANCISCO,"CA
(37.7830238, -122.4878387)"
My City School,Private,6,8,6-8,Independent / Private,IND278,11,13,IND,NOT_FOUND,"199 MUSEUM WAY, SAN FRANCISCO, CA 94114",8,06075,SAN FRANCISCO,"CA
(37.7644234, -122.4381485)"
Presidio Knolls School,Private,0,8,K-8,Independent / Private,IND284,5,13,IND,38684786144034,"250 10TH ST, SAN FRANCISCO, CA 94103",6,06075,SAN FRANCISCO,"CA
(37.7731895, -122.4137039)"
Rise Institute,Private,0,12,K-12,Independent / Private,IND286,5,17,IND,38684787019417,"1760 CESAR CHAVEZ STE R, SAN FRANCISCO, CA 94124",10,06075,SAN FRANCISCO,"CA
(37.7503242, -122.3940582)"
Sacred Heart Cathedral Preparatory,Private,9,12,9-12,Independent / Private,IND287,14,17,IND,38684786939748,"1055 ELLIS ST, SAN FRANCISCO, CA 94109",5,06075,SAN FRANCISCO,"CA
(37.7832870, -122.4231873)"
Saint Anne Elementary School,Private,0,8,K-8,Independent / Private,IND288,5,13,IND,38684786981658,"1320 14TH AVE, SAN FRANCISCO, CA 94122",5,06075,SAN FRANCISCO,"CA
(37.7630234, -122.4712830)"
Saint Charles School,Private,0,8,K-8,Independent / Private,IND293,5,13,IND,38684786981708,"376 SHOTWELL ST, SAN FRANCISCO, CA 94110",9,06075,SAN FRANCISCO,"CA
(37.7623215, -122.4164429)"
Saint James Catholic School,Private,0,8,K-8,Independent / Private,IND297,5,13,IND,38684786981773,"325 FAIR OAKS ST, SAN FRANCISCO, CA 94110",8,06075,SAN FRANCISCO,"CA
(37.7511368, -122.4235916)"
Saint John Of San Francisco Orthodox Academy,Private,0,12,K-12,Independent / Private,IND299,5,17,IND,38684787096191,"6210 GEARY BLVD, SAN FRANCISCO, CA 94121",1,06075,SAN FRANCISCO,"CA
(37.7803268, -122.4863358)"
Saint Monica School,Private,0,8,K-8,Independent / Private,IND301,5,13,IND,38684786980585,"476 24TH AVE, SAN FRANCISCO, CA 94121",1,06075,SAN FRANCISCO,"CA
(37.7806129, -122.4833374)"
Saint Peters School,Private,0,8,K-8,Independent / Private,IND304,5,13,IND,38684786980619,"1255 ALABAMA ST, SAN FRANCISCO, CA 94110",9,06075,SAN FRANCISCO,"CA
(37.7517014, -122.4103622)"
Saint Philip School,Private,0,8,K-8,Independent / Private,IND305,5,13,IND,38684786980627,"665 ELIZABETH ST, SAN FRANCISCO, CA 94114",8,06075,SAN FRANCISCO,"CA
(37.7517586, -122.4355392)"
Saint Thomas The Apostle Elementary School,Private,0,8,K-8,Independent / Private,IND308,5,13,IND,38684786980668,"3801 BALBOA ST, SAN FRANCISCO, CA 94121",1,06075,SAN FRANCISCO,"CA
(37.7750969, -122.4997711)"
San Francisco City Academy,Private,0,8,K-8,Independent / Private,IND313,5,13,IND,38684787095755,"230 JONES ST, SAN FRANCISCO, CA 94102",6,06075,SAN FRANCISCO,"CA
(37.7835045, -122.4122009)"
San Francisco Day School,Private,0,8,K-8,Independent / Private,IND314,5,13,IND,38684786915748,"350 MASONIC AVE, SAN FRANCISCO, CA 94118",5,06075,SAN FRANCISCO,"CA
(37.7780418, -122.4462814)"
San Francisco Friends School,Private,0,8,K-8,Independent / Private,IND316,5,13,IND,38684786204762,"250 VALENCIA ST, SAN FRANCISCO, CA 94103",8,06075,SAN FRANCISCO,"CA
(37.7689781, -122.4229050)"
San Francisco Pacific Academy,Private,0,8,K-8,Independent / Private,IND317,5,13,IND,38684786146054,"3301 BALBOA ST, SAN FRANCISCO, CA 94121",1,06075,SAN FRANCISCO,"CA
(37.7756386, -122.4942856)"
San Francisco Schoolhouse (Congregation Beth Shalom),Private,0,8,K-8,Independent / Private,IND320,5,13,IND,384000303,"301 14TH AVE, SAN FRANCISCO, CA 94118",1,06075,SAN FRANCISCO,"CA
(37.7823906, -122.4731674)"
Sand Paths Academy,Private,8,12,8-12,Independent / Private,IND324,13,17,IND,38684786987101,"1218 S VAN NESS AVE, SAN FRANCISCO, CA 94110",9,06075,SAN FRANCISCO,"CA
(37.7534676, -122.4167175)"
Second Community Child Care Center,Private,0,5,K-5,Independent / Private,IND325,5,10,IND,380505027,"500 CLARENDON AVE, SAN FRANCISCO, CA 94131",7,06075,SAN FRANCISCO,"CA
(37.7537117, -122.4561310)"
Star Of The Sea School,Private,0,8,K-8,Independent / Private,IND326,5,13,IND,38684786980742,"360 09TH AVE, SAN FRANCISCO, CA 94118",1,06075,SAN FRANCISCO,"CA
(37.7815628, -122.4672852)"
Synergy Elementary School,Private,0,8,K-8,Independent / Private,IND331,5,13,IND,38684786905913,"1387 VALENCIA ST, SAN FRANCISCO, CA 94110",9,06075,SAN FRANCISCO,"CA
(37.7508850, -122.4203262)"
Urban School Of San Francisco,Private,9,12,9-12,Independent / Private,IND333,14,17,IND,38684786938930,"1563 PAGE ST, SAN FRANCISCO, CA 94117",5,06075,SAN FRANCISCO,"CA
(37.7708321, -122.4463501)"
Walden Academy,Private,8,12,8-12,Independent / Private,IND335,13,17,IND,NOT_FOUND,"214 HAIGHT ST, SAN FRANCISCO, CA 94102",5,06075,SAN FRANCISCO,"CA
(37.7729416, -122.4261475)"
Woodside International School,Private,9,12,9-12,Independent / Private,IND338,14,17,IND,38684787078710,"1555 IRVING ST, SAN FRANCISCO, CA 94122",5,06075,SAN FRANCISCO,"CA
(37.7634315, -122.4747467)"
Zion Lutheran School,Private,0,8,K-8,Independent / Private,IND340,5,13,IND,38684786980890,"495 09TH AVE, SAN FRANCISCO, CA 94118",1,06075,SAN FRANCISCO,"CA
(37.7792397, -122.4676361)"
ABC Preschool,Private,-2,-1,PK,Independent / Private,CDC001,3,4,CDC,380506527,"426 33RD AVE, SAN FRANCISCO, CA 94121",1,06075,SAN FRANCISCO,"CA
(37.7811394, -122.4930420)"
Angelas Children Center,Private,-2,-1,PK,Independent / Private,CDC003,3,4,CDC,380505898,"775 07TH AVE, SAN FRANCISCO, CA 94118",1,06075,SAN FRANCISCO,"CA
(37.7739983, -122.4651794)"
Angelinas Preschool,Private,-2,-1,PK,Independent / Private,CDC004,3,4,CDC,384001103,"1851 NORIEGA ST, SAN FRANCISCO, CA 94122",4,06075,SAN FRANCISCO,"CA
(37.7536659, -122.4837646)"
Angelinas School Day Care,Private,-2,-1,PK,Independent / Private,CDC005,3,4,CDC,NOT_FOUND_ADDR,"4635 CABRILLO ST, SAN FRANCISCO, CA 94121",1,06075,SAN FRANCISCO,"CA
(37.7730904, -122.5084000)"
Buen Dia Family School,Private,-2,-1,PK,Independent / Private,CDC007,3,4,CDC,380504038,"589 GUERRERO ST, SAN FRANCISCO, CA 94110",8,06075,SAN FRANCISCO,"CA
(37.7619324, -122.4234543)"
C5 Childrens School - Sf City Building Center,Private,-2,-1,PK,Independent / Private,CDC008,3,4,CDC,384000654,"525 GOLDEN GATE AVE, SAN FRANCISCO, CA 94102",6,06075,SAN FRANCISCO,"CA
(37.7811089, -122.4189224)"
C5 Childrens School - State Building Center,Private,-2,-1,PK,Independent / Private,CDC009,3,4,CDC,384002299,"455 GOLDEN GATE AVE, SAN FRANCISCO, CA 94102",6,06075,SAN FRANCISCO,"CA
(37.7810402, -122.4179153)"
Chinese American International School,Private,-2,-1,PK,Independent / Private,CDC014,3,4,CDC,384001964,"42 WALLER ST, SAN FRANCISCO, CA 94102",5,06075,SAN FRANCISCO,"CA
(37.7722282, -122.4242325)"
Compass Childrens Center,Private,-2,-1,PK,Independent / Private,CDC015,3,4,CDC,384000988,"144 LEAVENWORTH ST, SAN FRANCISCO, CA 94102",6,06075,SAN FRANCISCO,"CA
(37.7824287, -122.4137192)"
Compass Clara House,Private,-2,-1,PK,Independent / Private,CDC016,3,4,CDC,384000989,"111 PAGE ST, SAN FRANCISCO, CA 94102",5,06075,SAN FRANCISCO,"CA
(37.7737427, -122.4230423)"
Congregation Beth Sholom Family Preschool,Private,-2,-1,PK,Independent / Private,CDC017,3,4,CDC,384000303,"301 14TH AVE, SAN FRANCISCO, CA 94118",1,06075,SAN FRANCISCO,"CA
(37.7823868, -122.4733810)"
Cornerstone Academy,Private,-2,-1,PK,Independent / Private,CDC019,3,4,CDC,38684787086192,"1925 LAWTON ST, SAN FRANCISCO, CA 94134",4,06075,SAN FRANCISCO,"CA
(37.7574196, -122.4836655)"
Cross Cultural Family Center - Bertha E Flemming Center,Private,-2,-1,PK,Independent / Private,CDC022,3,4,CDC,380504073,"1901 OFARRELL ST, SAN FRANCISCO, CA 94115",5,06075,SAN FRANCISCO,"CA
(37.7827110, -122.4362335)"
Cross Cultural Family Center - Marcus Garvey Center,Private,-2,-1,PK,Independent / Private,CDC023,3,4,CDC,380504742,"1630 EDDY ST, SAN FRANCISCO, CA 94115",5,06075,SAN FRANCISCO,"CA
(37.7815971, -122.4348602)"
Cross Cultural Family Center - Mary Lane Infant And Toddler Center,Private,-2,-1,PK,Independent / Private,CDC024,3,4,CDC,384001117,"1 WEBSTER ST, SAN FRANCISCO, CA 94123",8,06075,SAN FRANCISCO,"CA
(37.7696991, -122.4284744)"
Cross Cultural Family Center - Richmond I And Ii,Private,-2,-1,PK,Independent / Private,CDC025,3,4,CDC,380505039,"750 31ST AVE, SAN FRANCISCO, CA 94121",1,06075,SAN FRANCISCO,"CA
(37.7751007, -122.4902802)"
Economic Opportunity Council Sf - Cleo Wallace Childcare,Private,-2,-1,PK,Independent / Private,CDC027,3,4,CDC,380504451,"65 TURNER TER, SAN FRANCISCO, CA 94107",10,06075,SAN FRANCISCO,"CA
(37.7556686, -122.3946991)"
Economic Opportunity Council Sf - Oscaryne Williams Center Of Hope,Private,-2,-1,PK,Independent / Private,CDC031,3,4,CDC,380506485,"65 TURNER TER, SAN FRANCISCO, CA 94107",10,06075,SAN FRANCISCO,"CA
(37.7557983, -122.3949738)"
Economic Opportunity Council Sf - Western Addition Childcare,Private,-2,-1,PK,Independent / Private,CDC034,3,4,CDC,380504379,"1455 GOLDEN GATE AVE, SAN FRANCISCO, CA 94115",5,06075,SAN FRANCISCO,"CA
(37.7789383, -122.4344330)"
Eureka Learning Center,Private,-2,-1,PK,Independent / Private,CDC035,3,4,CDC,38684787044605,"464 DIAMOND ST, SAN FRANCISCO, CA 94114",8,06075,SAN FRANCISCO,"CA
(37.7549667, -122.4370041)"
Faces Sf Child Development Program - Haight Ashbury/Masonic,Private,-2,-1,PK,Independent / Private,CDC037,3,4,CDC,384002201,"1101 MASONIC AVE, SAN FRANCISCO, CA 94117",5,06075,SAN FRANCISCO,"CA
(37.7708893, -122.4458694)"
Faces Sf Child Development Program - Hayes Valley,Private,-2,-1,PK,Independent / Private,CDC038,3,4,CDC,384002202,"305 BUCHANAN ST, SAN FRANCISCO, CA 94102",5,06075,SAN FRANCISCO,"CA
(37.7729073, -122.4280319)"
Friends Of Potrero Hill Preschool,Private,-2,-1,PK,Independent / Private,CDC040,3,4,CDC,384002303,"1060 TENNESSEE ST STE A, SAN FRANCISCO, CA 94107",10,06075,SAN FRANCISCO,"CA
(37.7585602, -122.3895874)"
Friends Of Saint Francis Child Care Center,Private,-2,-1,PK,Independent / Private,CDC041,3,4,CDC,380504229,"50 BELCHER ST, SAN FRANCISCO, CA 94114",8,06075,SAN FRANCISCO,"CA
(37.7685890, -122.4303436)"
Gates And Bridges Preschool,Private,-2,-1,PK,Independent / Private,CDC042,3,4,CDC,380504276,"1601 10TH AVE, SAN FRANCISCO, CA 94112",7,06075,SAN FRANCISCO,"CA
(37.7582550, -122.4671478)"
Good Samaritan Child Development Center,Private,-2,-1,PK,Independent / Private,CDC047,3,4,CDC,384000227,"1294 POTRERO AVE, SAN FRANCISCO, CA 94110",9,06075,SAN FRANCISCO,"CA
(37.7518730, -122.4065704)"
Haight Ashbury Community Nursery School,Private,-2,-1,PK,Independent / Private,CDC050,3,4,CDC,380500254,"1180 STANYAN ST, SAN FRANCISCO, CA 94117",5,06075,SAN FRANCISCO,"CA
(37.7624512, -122.4518890)"
Hilltop Child Development Center,Private,-2,-1,PK,Independent / Private,CDC053,3,4,CDC,384002329,"2728 BRYANT ST, SAN FRANCISCO, CA 94110",9,06075,SAN FRANCISCO,"CA
(37.7504654, -122.4091492)"
Holy Family Day Home,Private,-2,-1,PK,Independent / Private,CDC054,3,4,CDC,380500308,"299 DOLORES ST, SAN FRANCISCO, CA 94103",8,06075,SAN FRANCISCO,"CA
(37.7649918, -122.4257965)"
Jefferson Early Education School,SFUSD,-2,-1,PK,USD PreK,CDC055,3,4,CDC,380504419,"1350 25TH AVE, San Francisco, CA 94122",4,06075,SAN FRANCISCO,"CA
(37.7623596, -122.4831619)"
Jewish Community Center San Francisco - Rosenberg Early Childhood Center,Private,-2,-1,PK,Independent / Private,CDC058,3,4,CDC,380504700,"325 ARGUELLO BLVD, SAN FRANCISCO, CA 94118",1,06075,SAN FRANCISCO,"CA
(37.7845879, -122.4594879)"
Kai Ming Head Start - Geary Center,Private,-2,-1,PK,Independent / Private,CDC060,3,4,CDC,384001291,"6221 GEARY BLVD, SAN FRANCISCO, CA 94121",1,06075,SAN FRANCISCO,"CA
(37.7797203, -122.4861908)"
Kai Ming Head Start - Richmond Center,Private,-2,-1,PK,Independent / Private,CDC062,3,4,CDC,384001019,"426 33RD AVE, SAN FRANCISCO, CA 94121",1,06075,SAN FRANCISCO,"CA
(37.7811279, -122.4932022)"
Kids Kollege Preschool,Private,-2,-1,PK,Independent / Private,CDC067,3,4,CDC,380505246,"3939 LAWTON ST, SAN FRANCISCO, CA 94122",4,06075,SAN FRANCISCO,"CA
(37.7564621, -122.5052414)"
La Piccola Scuola Italiana Preschool,Private,-2,-1,PK,Independent / Private,CDC069,3,4,CDC,NOT_FOUND,"728 20TH ST, SAN FRANCISCO, CA 94107",10,06075,SAN FRANCISCO,"CA
(37.7606812, -122.3891983)"
Laguna Golden Gate Child Care Center,SFUSD,-2,-1,PK,USD PreK,CDC070,3,4,CDC,SFUSD unknown,"1025 LAGUNA ST, SAN FRANCISCO CA 94115",5,06075,SAN FRANCISCO,"CA
(37.7806358, -122.4273300)"
Lands End School,Private,-2,-1,PK,Independent / Private,CDC071,3,4,CDC,380506270,"4150 CLEMENT ST BLDG T35, SAN FRANCISCO, CA 94121",1,06075,SAN FRANCISCO,"CA
(37.7825928, -122.5045776)"
Laurel Hill Nursery School,Private,-2,-1,PK,Independent / Private,CDC072,3,4,CDC,380504783,"401 EUCLID AVE, SAN FRANCISCO, CA 94118",2,06075,SAN FRANCISCO,"CA
(37.7837982, -122.4527283)"
Learning Bridge Preschool,Private,-2,-1,PK,Independent / Private,CDC073,3,4,CDC,384000353,"1050 KIRKHAM ST, SAN FRANCISCO, CA 94122",7,06075,SAN FRANCISCO,"CA
(37.7602425, -122.4722061)"
Little Childrens Developmental Center,Private,-2,-1,PK,Independent / Private,CDC076,3,4,CDC,384000818,"1223 WEBSTER ST, SAN FRANCISCO, CA 94115",5,06075,SAN FRANCISCO,"CA
(37.7819557, -122.4310455)"
Love And Learn Nursery School,Private,-2,-1,PK,Independent / Private,CDC084,3,4,CDC,380503540,"1419 HOWARD ST, SAN FRANCISCO, CA 94103",6,06075,SAN FRANCISCO,"CA
(37.7733498, -122.4147949)"
"Mahler, Theresa S. Mahler Early Education School",SFUSD,-2,-1,PK,USD PreK,CDC085,3,4,CDC,38684780117572,"990 CHURCH ST, San Francisco, CA 94114",8,06075,SAN FRANCISCO,"CA
(37.7552757, -122.4280930)"
Marin Day School - Market Street,Private,-4,-2,INF,Independent / Private,CDC090,1,3,CDC,384001297,"1390 MARKET ST, STE 108, SAN FRANCISCO, CA 94102",6,06075,SAN FRANCISCO,"CA
(37.7772255, -122.4173584)"
Marin Day School - San Francisco City Hall,Private,-2,-1,PK,Independent / Private,CDC091,3,4,CDC,384001292,"1 DR CARLTON B GOODLETT PL, RM 68, SAN FRANCISCO, CA 94102",6,06075,SAN FRANCISCO,"CA
(37.7793236, -122.4188156)"
"Milk, Harvey Milk Childrens Center",SFUSD,-2,-1,PK,USD PreK,CDC095,3,4,CDC,SFUSD unknown,"841 ELLIS ST, SAN FRANCISCO CA 94117",6,06075,SAN FRANCISCO,"CA
(37.7838020, -122.4201050)"
Mission Neighborhood Centers - 24Th St Head Start,Private,-2,-1,PK,Independent / Private,CDC097,3,4,CDC,380504876,"3013 24TH ST, SAN FRANCISCO, CA 94110",9,06075,SAN FRANCISCO,"CA
(37.7524567, -122.4122238)"
Mission Neighborhood Centers - Capp Head Start,Private,-2,-1,PK,Independent / Private,CDC100,3,4,CDC,380505268,"362 CAPP ST, SAN FRANCISCO, CA 94110",9,06075,SAN FRANCISCO,"CA
(37.7609863, -122.4184952)"
Mission Neighborhood Centers - Edificio De Mujeres / Womens Building,Private,-2,-1,PK,Independent / Private,CDC101,3,4,CDC,384000867,"3543 18TH ST, SAN FRANCISCO, CA 94110",8,06075,SAN FRANCISCO,"CA
(37.7614212, -122.4226151)"
Mission Neighborhood Centers - Mission Bay,Private,-2,-1,PK,Independent / Private,CDC103,3,4,CDC,384001138,"150 BERRY ST, SAN FRANCISCO, CA 94107",6,06075,SAN FRANCISCO,"CA
(37.7764931, -122.3929901)"
Mission Neighborhood Centers - Stevenson,Private,-2,-1,PK,Independent / Private,CDC105,3,4,CDC,384000731,"1320 STEVENSON ST, SAN FRANCISCO, CA 94103",6,06075,SAN FRANCISCO,"CA
(37.7714691, -122.4218826)"
Mission Neighborhood Centers - Valencia Gardens,Private,-2,-1,PK,Independent / Private,CDC106,3,4,CDC,384001634,"380 VALENCIA ST, SAN FRANCISCO, CA 94103",8,06075,SAN FRANCISCO,"CA
(37.7670975, -122.4232025)"
Montessori School Of The Bay Area,Private,-2,-1,PK,Independent / Private,CDC109,3,4,CDC,380505730,"1530 EDDY ST, SAN FRANCISCO, CA 94115",5,06075,SAN FRANCISCO,"CA
(37.7815895, -122.4333115)"
Munchkinland Preschool And Family Daycare,Private,-2,-1,PK,Independent / Private,CDC110,3,4,CDC,NOT_FOUND,"4710 CABRILLO ST, SAN FRANCISCO, CA 94121",1,06075,SAN FRANCISCO,"CA
(37.7734451, -122.5092545)"
My Little Learning Tree,Private,-2,-1,PK,Independent / Private,CDC111,3,4,CDC,384002056,"2118 CLEMENT ST, SAN FRANCISCO, CA 94121",1,06075,SAN FRANCISCO,"CA
(37.7823944, -122.4820862)"
One Fifty Parker Ave School,Private,-2,-1,PK,Independent / Private,CDC116,3,4,CDC,380500487,"150 PARKER AVENUE, SAN FRANCISCO, CA 94118",2,06075,SAN FRANCISCO,"CA
(37.7828178, -122.4540939)"
Our Victorian Schoolhouse,Private,-2,-1,PK,Independent / Private,CDC117,3,4,CDC,384001973,"823 DIVISIDERO ST, SAN FRANCISCO, CA 94117",5,06075,SAN FRANCISCO,"CA
(37.7772408, -122.4386368)"
Pacific Primary - Orange Sun School,Private,-2,-1,PK,Independent / Private,CDC118,3,4,CDC,384001816,"1501 GROVE ST, SAN FRANCISCO, CA 94117",5,06075,SAN FRANCISCO,"CA
(37.7752838, -122.4416046)"
Pacific Primary - Yellow Sun School,Private,-2,-1,PK,Independent / Private,CDC119,3,4,CDC,380500491,"1500 GROVE ST, SAN FRANCISCO, CA 94117",5,06075,SAN FRANCISCO,"CA
(37.7756577, -122.4417343)"
Peters Place Nursery School,Private,-2,-1,PK,Independent / Private,CDC121,3,4,CDC,384000741,"227 BALBOA ST, SAN FRANCISCO, CA 94118",1,06075,SAN FRANCISCO,"CA
(37.7770920, -122.4613571)"
Phoebe A Hearst Learning Center,Private,-2,-1,PK,Independent / Private,CDC122,3,4,CDC,380500512,"1315 ELLIS ST, SAN FRANCISCO, CA 94114",5,06075,SAN FRANCISCO,"CA
(37.7826805, -122.4279480)"
"Preschool, The",Private,-2,-1,PK,Independent / Private,CDC124,3,4,CDC,380505138,"102 SAN JOSE AVE, SAN FRANCISCO, CA 94110",8,06075,SAN FRANCISCO,"CA
(37.7532616, -122.4217911)"
Presidio Preschool,Private,-2,-1,PK,Independent / Private,CDC125,3,4,CDC,384002067,"143 CLEMENT ST, SAN FRANCISCO, CA 94118",1,06075,SAN FRANCISCO,"CA
(37.7828636, -122.4608307)"
Saint James Preschool (Episcopal Church),Private,-2,-1,PK,Independent / Private,CDC130,3,4,CDC,380500619,"4620 CALIFORNIA ST, SAN FRANCISCO, CA 94118",1,06075,SAN FRANCISCO,"CA
(37.7849388, -122.4672012)"
San Francisco Montessori Academy,Private,-2,-1,PK,Independent / Private,CDC133,3,4,CDC,NOT_FOUND,"1566 32ND AVE, SAN FRANCISCO, CA 94122",4,06075,SAN FRANCISCO,"CA
(37.7579918, -122.4903793)"
South Of Market Child Care - Judith Baker Child Development Center,Private,-2,-1,PK,Independent / Private,CDC136,3,4,CDC,384001365,"685 NATOMA ST, SAN FRANCISCO, CA 94103",6,06075,SAN FRANCISCO,"CA
(37.7768059, -122.4114761)"
South Of Market Child Care - Yerba Buena Gardens Child Development Center,Private,-2,-1,PK,Independent / Private,CDC137,3,4,CDC,384000406,"790 FOLSOM ST, SAN FRANCISCO, CA 94107",6,06075,SAN FRANCISCO,"CA
(37.7835121, -122.4008102)"
Starlight Christian Preschool 1,Private,-2,-1,PK,Independent / Private,CDC138,3,4,CDC,384001339,"750 26TH AVE, SAN FRANCISCO, CA 94121",1,06075,SAN FRANCISCO,"CA
(37.7753105, -122.4849243)"
Sunset Cooperative Nursery School,Private,-2,-1,PK,Independent / Private,CDC141,3,4,CDC,384002119,"4245 LAWTON ST, SAN FRANCISCO, CA 94122",4,06075,SAN FRANCISCO,"CA
(37.7563858, -122.5084991)"
Sweet Peas Preschool - East,Private,-2,-1,PK,Independent / Private,CDC142,3,4,CDC,384002314,"2730 17TH ST, SAN FRANCISCO, CA 94110",9,06075,SAN FRANCISCO,"CA
(37.7645149, -122.4111023)"
Ucsf - Marilyn Reed Lucia Child Care Study Center,Private,-2,-1,PK,Independent / Private,CDC149,3,4,CDC,384002158,"610 PARNASSUS AVE, SAN FRANCISCO, CA 94143",5,06075,SAN FRANCISCO,"CA
(37.7630997, -122.4601212)"
Ucsf - Parnassus-Kirkham Child Development Center,Private,-2,-1,PK,Independent / Private,CDC150,3,4,CDC,384001814,"10 KIRKHAM ST, SAN FRANCISCO, CA 94143",5,06075,SAN FRANCISCO,"CA
(37.7615242, -122.4611664)"
Ucsf - University Child Care Center - Mission Bay,Private,-2,-1,PK,Independent / Private,CDC152,3,4,CDC,384001586,"1555 6TH ST, SAN FRANCISCO, CA 94158",6,06075,SAN FRANCISCO,"CA
(37.7686768, -122.3939667)"
Valdivia Family Day Care,Private,-2,-1,PK,Independent / Private,CDC153,3,4,CDC,NOT_FOUND,"1227 HAMPSHIRE ST APT 43, SAN FRANCISCO, CA 94110",9,06075,SAN FRANCISCO,"CA
(37.7525787, -122.4068069)"
Wah Mei School,Private,-2,-1,PK,Independent / Private,CDC154,3,4,CDC,380504314,"1400 JUDAH ST, SAN FRANCISCO, CA 94122",4,06075,SAN FRANCISCO,"CA
(37.7618599, -122.4773712)"
Wu Yee Child Development Center - Cadillac,Private,-2,-1,PK,Independent / Private,CDC157,3,4,CDC,384002512,"398 EDDY ST, SAN FRANCISCO, CA 94102",6,06075,SAN FRANCISCO,"CA
(37.7840538, -122.4139404)"
Wu Yee Child Development Center - Golden Gate,Private,-2,-1,PK,Independent / Private,CDC160,3,4,CDC,380506088,"177 GOLDEN GATE AVE, SAN FRANCISCO, CA 94102",6,06075,SAN FRANCISCO,"CA
(37.7816696, -122.4135590)"
Wu Yee Child Development Center - Potrero Hill,Private,-2,-1,PK,Independent / Private,CDC165,3,4,CDC,384002515,"824 CAROLINA ST, SAN FRANCISCO, CA 94107",10,06075,SAN FRANCISCO,"CA
(37.7582359, -122.4003143)"
Wu Yee Child Development Center - Westside,Private,-2,-1,PK,Independent / Private,CDC167,3,4,CDC,384002531,"2400 POST ST, SAN FRANCISCO, CA 94115",5,06075,SAN FRANCISCO,"CA
(37.7844658, -122.4422684)"
City College of San Francisco Civic Center,SFCCD,13,14,13-14,Community College District,CC02,18,19,CC,SFCCD_unknown,"1170 MARKET ST, SAN FRANCISCO, CA 94102",6,06075,SAN FRANCISCO,"CA
(37.7795448, -122.4142990)"
City College of San Francisco Downtown Center,SFCCD,13,14,13-14,Community College District,CC03,18,19,CC,SFCCD_unknown,"88 4TH ST, SAN FRANCISCO, CA 94103",6,06075,SAN FRANCISCO,"CA
(37.7845650, -122.4047241)"
City College of San Francisco Gough Street Location,SFCCD,13,14,13-14,Community College District,CC06,18,19,CC,SFCCD_unknown,"33 GOUGH ST, SAN FRANCISCO, CA 94103",6,06075,SAN FRANCISCO,"CA
(37.7719879, -122.4212112)"
City College of San Francisco John Adams Center,SFCCD,13,14,13-14,Community College District,CC07,18,19,CC,SFCCD_unknown,"1860 HAYES ST, SAN FRANCISCO, CA 94117",5,06075,SAN FRANCISCO,"CA
(37.7740860, -122.4471893)"
City College of San Francisco Mission Center,SFCCD,13,14,13-14,Community College District,CC08,18,19,CC,SFCCD_unknown,"1125 VALENCIA ST, SAN FRANCISCO, CA 94110",9,06075,SAN FRANCISCO,"CA
(37.7547913, -122.4206161)"
